model,params,loglik,aic,delta_aic
lognormal,"{'shape': np.float64(3.132107556089518e-20), 'scale': np.float64(15.0)}",82.56601401402072,-161.13202802804145,0.0
weibull,"{'c': np.float64(455891489.81739116), 'scale': np.float64(14.99999999566727)}",32.44130287387684,-60.882605747753686,100.24942228028776
exponential,{'scale': 15.0},-7.41610040220442,16.832200804408842,177.9642288324503
