cell_id,phase_proxy,outcome,phase_bin
1,2.8706458032513726,low,5
2,2.6971734436886945,low,0
